episode,score,steps,total_steps,exploration,mean_loss,elapsed_seconds,terminated,truncated
1,130.0,385,385,1.0,nan,0.3824511559998882,True,False
2,850.0,1020,1405,0.2,16.091667542770487,3.3557378819998576,True,False
3,920.0,676,2081,0.2,0.6762387007034036,7.505834664999838,True,False
4,350.0,502,2583,0.2,0.48021220064163206,10.747747643999901,True,False
5,760.0,667,3250,0.2,0.7407828679832513,15.0899820059999,True,False
6,180.0,388,3638,0.2,0.5871412136505559,17.688606315000015,True,False
7,390.0,544,4182,0.2,0.6460261607871336,21.275582363000012,True,False
8,380.0,467,4649,0.2,0.7360968386642953,24.414089589000014,True,False
9,410.0,551,5200,0.2,0.4064126132676999,28.151689387000033,True,False
10,850.0,872,6072,0.2,0.2787108067166778,34.106927857999835,True,False
11,350.0,451,6523,0.2,0.35048923435221824,37.28590119199998,True,False
12,380.0,423,6946,0.2,0.3411134590377223,40.20424253099986,True,False
13,230.0,408,7354,0.2,0.36837104868655113,43.33335668699988,True,False
14,410.0,542,7896,0.2,0.5206105042906368,47.15921445999993,True,False
15,460.0,596,8492,0.2,0.440029074331658,51.35483019100002,True,False
16,730.0,725,9217,0.2,0.30430368396829177,56.39446372899988,True,False
17,960.0,808,10025,0.2,0.37435601702384136,62.151432141999976,True,False
18,280.0,418,10443,0.2,0.2738193267454895,64.94312571899991,True,False
19,260.0,429,10872,0.2,0.27007682655972465,67.87664610799993,True,False
20,380.0,489,11361,0.2,0.24367247677606638,71.15217811499997,True,False
21,310.0,447,11808,0.2,0.2949263483751565,74.13854183299986,True,False
22,290.0,435,12243,0.2,0.2932371715842574,77.04134903599993,True,False
23,510.0,461,12704,0.2,0.2886278579685965,80.18559133400004,True,False
24,350.0,402,13106,0.2,0.19884601453319192,82.89266557999986,True,False
25,400.0,422,13528,0.2,0.2545682888759195,85.76675104499986,True,False
26,180.0,323,13851,0.2,0.3190301893278956,89.31482279800002,True,False
27,360.0,582,14433,0.2,0.26056386561018147,93.0196134119999,True,False
28,330.0,470,14903,0.2,0.27754633001282686,95.99106519099996,True,False
29,270.0,344,15247,0.2,0.25492974364220405,98.21782223599985,True,False
30,310.0,445,15692,0.2,0.24768843029492668,101.11269606899987,True,False
31,260.0,458,16150,0.2,0.20663411858115802,104.02406701199993,True,False
32,320.0,513,16663,0.2,0.36363846546737477,107.30635176199985,True,False
33,410.0,474,17137,0.2,0.3414441740938595,110.36292596599992,True,False
34,420.0,609,17746,0.2,0.41211016952844437,114.24346277899986,True,False
35,730.0,650,18396,0.2,0.26192303473826933,118.40509279599996,True,False
36,1100.0,669,19065,0.2,0.3164125582995172,122.65806267699986,True,False
37,250.0,372,19437,0.2,0.39639805465616207,125.03825684100002,True,False
38,460.0,588,20025,0.2,0.3705880122930825,128.74597541499998,True,False
39,1220.0,636,20661,0.2,0.3359421173918922,132.820874107,True,False
40,940.0,1171,21832,0.2,0.3752422912917243,140.16614759999993,True,False
41,290.0,358,22190,0.2,0.29501812469758343,142.503600817,True,False
42,450.0,518,22708,0.2,0.19295012288941787,145.98386490500002,True,False
43,330.0,460,23168,0.2,0.20894431447529274,149.0734932969999,True,False
44,400.0,626,23794,0.2,0.29209348619079745,153.25174940199986,True,False
45,490.0,577,24371,0.2,0.19630172657262948,157.11467395699992,True,False
46,560.0,540,24911,0.2,0.19615598031216197,160.70867997799996,True,False
47,360.0,501,25412,0.2,0.17186615893262483,164.067336823,True,False
48,320.0,385,25797,0.2,0.15431162994354963,166.79257701699999,True,False
49,330.0,510,26307,0.2,0.2362598234303589,170.01845059099992,True,False
50,290.0,421,26728,0.2,0.40400577027280377,172.74708675399984,True,False
51,450.0,603,27331,0.2,0.2610519109697392,178.2947823469999,True,False
52,290.0,370,27701,0.2,0.21925488196473608,180.83986702099992,True,False
53,400.0,534,28235,0.2,0.18660770313240083,184.47243823999997,True,False
54,800.0,737,28972,0.2,0.25025951876179187,189.50405702399985,True,False
55,500.0,528,29500,0.2,0.18846143148557254,193.0678232759999,True,False
56,500.0,542,30042,0.2,0.19542950300706757,196.76073610100002,True,False
57,640.0,735,30777,0.2,0.1910833925332712,201.69890547,True,False
58,570.0,575,31352,0.2,0.3307361339684576,205.54786350599989,True,False
59,180.0,430,31782,0.2,0.2686549832121791,208.47818698699984,True,False
60,760.0,681,32463,0.2,0.18433694160159897,213.04065286900004,True,False
61,680.0,669,33132,0.2,0.22650632780000923,217.55900791399995,True,False
62,340.0,490,33622,0.2,0.21319386656167078,220.91080949000002,True,False
63,210.0,390,34012,0.2,0.17550119326202845,223.61378058499986,True,False
64,780.0,673,34685,0.2,0.35824894029203624,228.1504840089999,True,False
65,440.0,589,35274,0.2,0.25700947315413125,232.13164865599992,True,False
66,830.0,612,35886,0.2,0.23844636419142773,236.21814501699987,True,False
67,320.0,484,36370,0.2,0.15430303719972283,239.468596919,True,False
68,1130.0,780,37150,0.2,0.15287568380053226,244.66380112299998,True,False
69,1930.0,751,37901,0.2,0.2891894787787757,249.64334900899985,True,False
70,260.0,373,38274,0.2,0.25323398358198584,252.22567361200004,True,False
71,1090.0,703,38977,0.2,0.19560929169793698,256.99456545099997,True,False
72,500.0,579,39556,0.2,0.18691682355671094,260.90039957299996,True,False
73,270.0,392,39948,0.2,0.19274297974319482,263.6099158279999,True,False
74,370.0,597,40545,0.2,0.19521135436808504,267.67939952999996,True,False
75,330.0,438,40983,0.2,0.18200970861479776,270.664102298,True,False
76,440.0,489,41472,0.2,0.1938293926962992,275.290031346,True,False
77,1100.0,1039,42511,0.2,0.23310133231926033,281.99644135799986,True,False
78,240.0,383,42894,0.2,0.18143373099155724,284.56290972099987,True,False
79,450.0,455,43349,0.2,0.14162077689379976,287.60287767599993,True,False
80,810.0,610,43959,0.2,0.29331305488257814,291.5887992629998,True,False
81,250.0,540,44499,0.2,0.23849314289788406,295.18311728399976,True,False
82,120.0,247,44746,0.2,0.24249139788650698,296.9104878889998,True,False
83,1020.0,766,45512,0.2,0.20665031168512846,301.9389934430001,True,False
84,400.0,483,45995,0.2,0.15429780563960474,305.1341719879997,True,False
85,290.0,448,46443,0.2,0.2132876056213198,308.1515601639999,True,False
86,1060.0,787,47230,0.2,0.17374741768719731,313.3141378289997,True,False
87,950.0,906,48136,0.2,0.2303773861702548,319.3209886229997,True,False
88,450.0,631,48767,0.2,0.2791296994776293,323.4393519529999,True,False
89,560.0,725,49492,0.2,0.2240240669880922,328.2194517009998,True,False
90,340.0,395,49887,0.2,0.14121027621535623,330.866126548,True,False
91,460.0,480,50367,0.2,0.1848077463917434,334.0057651110001,True,False
92,650.0,505,50872,0.2,0.261678312824467,337.373382882,True,False
93,310.0,454,51326,0.2,0.18638964945994382,340.41126428999996,True,False
94,410.0,427,51753,0.2,0.2980788795399332,343.25644550000015,True,False
95,810.0,626,52379,0.2,0.3330299747057068,347.360827299,True,False
96,390.0,443,52822,0.2,0.3116194859214194,350.30743629300014,True,False
97,460.0,617,53439,0.2,0.24607555326316263,354.42574675100013,True,False
98,360.0,498,53937,0.2,0.24068133598566055,357.79476952100003,True,False
99,290.0,477,54414,0.2,0.1821174107163268,361.0137664599997,True,False
100,480.0,535,54949,0.2,0.23952599562384855,364.5707146999998,True,False
